{
  "model_path": "C:\\Users\\86136\\Desktop\\code\\RL\\robot-skill\\协同调度\\checkpoints_rl\\best_scheduler_rl.pt",
  "checkpoint_metadata": {
    "stage": "ppo_finetune",
    "epoch": 6,
    "train_loss": 0.02154436904921425,
    "val_metrics": {
      "episodes": 240.0,
      "success_rate": 1.0,
      "mean_makespan": 793.3570701864953,
      "mean_completion_rate": 1.0,
      "mean_wait_time": 28.78632590289199,
      "mean_idle_ratio": 0.3165648183288132,
      "mean_deadlock_events": 0.0
    },
    "update": 15,
    "families": [
      "open_balance",
      "role_mismatch"
    ]
  },
  "scheduler": {
    "episodes": 240.0,
    "success_rate": 0.9958333333333333,
    "mean_makespan": 809.075457895079,
    "mean_completion_rate": 0.9973958333333334,
    "mean_wait_time": 33.44404617979204,
    "mean_idle_ratio": 0.31926813392982933,
    "mean_deadlock_events": 0.0
  },
  "baselines": {
    "random": {
      "episodes": 240.0,
      "success_rate": 0.9125,
      "mean_makespan": 1276.9804035823815,
      "mean_completion_rate": 0.9847486772486772,
      "mean_wait_time": 131.18040809329935,
      "mean_idle_ratio": 0.3935860412000793,
      "mean_deadlock_events": 0.03333333333333333
    },
    "nearest_eta_greedy": {
      "episodes": 240.0,
      "success_rate": 0.8916666666666667,
      "mean_makespan": 951.0517430326368,
      "mean_completion_rate": 0.9499966931216931,
      "mean_wait_time": 150.69852089317678,
      "mean_idle_ratio": 0.273325749688275,
      "mean_deadlock_events": 0.0
    },
    "role_aware_greedy": {
      "episodes": 240.0,
      "success_rate": 0.9375,
      "mean_makespan": 809.9714447652145,
      "mean_completion_rate": 0.9670304232804233,
      "mean_wait_time": 88.09942016116366,
      "mean_idle_ratio": 0.2741158069703395,
      "mean_deadlock_events": 0.0
    }
  }
}